binning_data,update_time,create_time,count,speed,distance,calorie
c0e35919-8e38-47cb-ab88-614d9b752de4.binning_data.json,08:13.3,4/2/2022,27,1.2205365,20.1,0.98
1dd1a48b-2557-4fb6-aa4e-c2af93c61372.binning_data.json,35:41.8,4/1/2022,74,1.249661,57.04,2.92
7ebc1297-5099-4625-b6ef-d9dce514788f.binning_data.json,15:01.4,4/1/2022,74,1.249661,57.04,2.92
f54fd18b-9be0-4b4a-b9f5-e776edc7f8d2.binning_data.json,55:02.1,4/2/2022,27,1.2205365,20.1,0.98
2f5981b7-0fec-439d-87fb-fcbe2f342d62.binning_data.json,48:11.8,4/3/2022,4429,1.2998781,3340.52,169.79
3e3ec965-5245-4c03-b996-0891951e3cb2.binning_data.json,12:43.6,4/3/2022,4429,1.2998781,3340.52,169.79
8b04824a-2e87-4aae-8e42-aede25f0a14b.binning_data.json,13:42.1,4/5/2022,2021,1.4875488,1563.42,72.68
c95b7da8-319e-42e1-8422-779cf4c8d342.binning_data.json,53:30.6,4/4/2022,3209,1.3437818,2431.65,124.37
6ff5df7f-7cba-4dff-a8d0-72953ea8eb32.binning_data.json,15:02.2,4/4/2022,3209,1.3437818,2431.65,124.37
9be79021-c391-4327-af2f-440db8ff5a6a.binning_data.json,48:28.0,4/6/2022,2212,1.430992,1721.17,83.89
a086a8e8-bf85-4df1-90c7-f31182d33f21.binning_data.json,55:46.3,4/6/2022,2212,1.430992,1721.17,83.89
1a4bd7b4-da12-49bf-b3e7-275d6b74aa3a.binning_data.json,05:16.7,4/8/2022,8304,1.4309417,6412.46,300.94
ebacb591-f5fa-4f34-b025-f0ad52580375.binning_data.json,27:53.8,4/7/2022,3717,1.2443526,2773.57,142.77
cd2fb7ff-1a34-4d62-b3b2-472781fd7932.binning_data.json,28:31.7,4/5/2022,2021,1.4875488,1563.42,72.68
b308d9b7-813c-4d67-9c9d-d75351f477a1.binning_data.json,11:23.0,4/9/2022,248,1.264347,184.76,9.1
1aace58e-b96c-47a7-ad58-63a858626d9a.binning_data.json,20:19.6,4/7/2022,3717,1.2443526,2773.57,142.77
8dd02acb-88ed-41ff-aed0-987904a9afdc.binning_data.json,15:02.2,4/11/2022,196,1.2528223,146.38,7.3
fe397598-bb2d-457c-a442-3ee4ecfc475a.binning_data.json,44:54.1,4/8/2022,8304,1.4309417,6412.46,300.94
63973d29-2a1a-48dc-a014-66f8dff1b6a0.binning_data.json,34:20.0,4/13/2022,735,1.3998609,572.02,27.74
13ab57d6-2301-4e79-b72e-61b1f363d463.binning_data.json,15:01.3,4/9/2022,248,1.264347,184.76,9.1
3541d8ec-7142-4542-9218-e9da2691974a.binning_data.json,15:01.6,4/15/2022,88,1.1259406,64.83,3.24
e0b74f02-21a2-4c45-897c-79c7732d11c3.binning_data.json,09:04.8,4/11/2022,196,1.2528223,146.38,7.3
10071b9d-bf7c-41d3-b109-15525639cd90.binning_data.json,54:13.0,4/10/2022,3025,1.4900565,2382.39,117.45
3e51d21e-ff68-4fbe-8ccb-c08dbf07f8cf.binning_data.json,33:54.7,4/16/2022,987,1.3871037,751.07996,35.789997
77b6436b-7d50-4f62-81cb-bfdcf833cdb2.binning_data.json,16:43.8,4/18/2022,4530,1.3055869,3444.2,175.9
94db6c8e-d0cf-48ca-8493-827621d6994e.binning_data.json,54:55.7,4/15/2022,88,1.1259406,64.83,3.24
125b2932-fa16-49d1-99f6-8462d96527e3.binning_data.json,15:01.6,4/10/2022,3025,1.4900565,2382.39,117.45
2ec5e071-eba5-4647-8291-faf576b207b6.binning_data.json,58:22.7,4/14/2022,135,1.3740568,101.869995,4.75
c018e24a-2597-43cf-8bc0-63b25eff61f1.binning_data.json,42:28.7,4/18/2022,1770,1.5206404,1400.59,67.19
72153b9c-63cb-4df7-a587-9f97014f161d.binning_data.json,05:44.5,4/21/2022,3045,1.3338321,2327.48,115.56
140d64b2-4ff5-4e80-bcc8-d9f3b124d2b3.binning_data.json,47:11.7,4/13/2022,735,1.3998609,572.02,27.74
e10a47f4-19d0-43d2-bbe1-0e7dfa44c2fe.binning_data.json,15:01.4,4/14/2022,135,1.3740568,101.869995,4.75
cddf88d8-4fe6-4320-87b8-a6d8d7b8dd55.binning_data.json,13:14.7,4/17/2022,3527,1.3279531,2670.04,138.34999
3cee5dd4-55f1-49c2-b4cb-07c8a1b7657b.binning_data.json,38:12.5,4/22/2022,547,1.3024534,410.23,19.96
72142989-02df-4148-82c4-75be3401a4c4.binning_data.json,51:33.0,4/18/2022,4530,1.3055869,3444.2,175.9
2a64e5dd-ae7a-4525-a941-c62a6d632876.binning_data.json,15:02.3,4/24/2022,3205,1.3384075,2434.89,122.18
ffa8671b-e16d-4aa2-8359-0694f2b570fb.binning_data.json,15:01.8,4/16/2022,987,1.3871037,751.07996,35.789997
828e3b7b-d511-4fd2-a1e2-e6bc5b71cf92.binning_data.json,15:01.1,4/17/2022,3527,1.3279531,2670.04,138.34999
d559b6cf-3dc8-4bce-b18f-62e3cd11e14e.binning_data.json,44:03.0,4/19/2022,3304,1.5437994,2624.06,119.729996
bc772564-c93c-476e-93ec-64086633414a.binning_data.json,33:40.1,4/21/2022,3045,1.3338321,2327.48,115.56
99f7f895-6ecf-4d12-aa85-c0be45f1930d.binning_data.json,47:00.2,4/27/2022,232,1.2321376,171.85,8.58
e80afef5-7a65-45ca-9e05-6cfbc1e6ff2d.binning_data.json,55:41.1,4/19/2022,1770,1.5206404,1400.59,67.19
6a218307-7465-4da8-b64a-5dfe1b517c17.binning_data.json,15:01.2,4/20/2022,3304,1.5437994,2624.06,119.729996
d7665a13-9abb-4a46-94e9-72158a033f0d.binning_data.json,35:02.7,4/25/2022,1287,1.4193835,991.38,45.86
c86bebf9-892e-4576-8d36-5a487554a2c8.binning_data.json,02:41.5,4/24/2022,3205,1.3384075,2434.89,122.18
40d38592-e79b-4deb-ab59-ef6e45b923fc.binning_data.json,01:42.7,4/30/2022,2322,1.3900084,1789.78,86.65
388d0064-9e0f-4504-ba7d-512c0fc15ef7.binning_data.json,41:57.4,4/22/2022,547,1.3024534,410.23,19.96
e279c1ce-5eca-4689-bd3a-03198a1e6c9c.binning_data.json,15:01.0,4/23/2022,1012,1.4306344,811.25,42.24
60057f42-36ba-4293-bffb-fb16b60f9ef7.binning_data.json,39:55.5,4/23/2022,1012,1.4306344,811.25,42.24
c8b94e11-318e-4898-8304-748bc9c15b79.binning_data.json,24:51.5,4/26/2022,232,1.2321376,171.85,8.58
0dd3d674-ef1d-41a0-bb19-8378a3bb7e57.binning_data.json,15:02.4,5/3/2022,5647,1.2804054,4223.43,213.23
eeff5b63-6368-4858-9b68-a30e10c87b2c.binning_data.json,22:55.3,4/28/2022,1431,1.4303901,1111.71,52.65
91c9de2f-f1d2-447a-99fb-60cf1c77811a.binning_data.json,15:00.7,4/25/2022,1287,1.4193835,991.38,45.86
3b182152-8576-4a6f-88be-20320871c900.binning_data.json,22:53.4,4/26/2022,51,1.3821973,38.569996,1.8199998
89c291c1-a8d5-40b6-8696-ba5e1de0f72e.binning_data.json,55:01.7,4/25/2022,51,1.3821973,38.569996,1.8199998
df240ab3-e8b2-48eb-b147-ca2fc6389cd9.binning_data.json,01:27.7,4/29/2022,2322,1.3900084,1789.78,86.65
23d6d0bb-870e-4a2c-9784-042c6d9c23b6.binning_data.json,15:01.0,5/6/2022,4479,1.454091,3512.44,172.17
eb29b9f8-2612-4bfa-a4ed-98c36e1c8ea2.binning_data.json,54:15.0,4/28/2022,1431,1.4303901,1111.71,52.65
dcca0a21-e010-4d44-825d-0011057cf9d7.binning_data.json,37:08.3,5/3/2022,5647,1.2804054,4223.43,213.23
2ebfedf5-fbf7-4642-8927-fec2284d78e1.binning_data.json,56:50.1,5/1/2022,87,1.229927,64.59,3.22
0d8e733f-9c17-4dbc-b62f-190c7e5f266c.binning_data.json,15:00.9,4/29/2022,144,1.1876162,106.189995,5.2200003
dfd05c16-08d9-4245-9ec5-9653819d5f83.binning_data.json,17:36.5,5/4/2022,1095,1.4865665,864.1,40.149998
0983b416-467f-4e6f-b8cc-887394812b2c.binning_data.json,15:02.4,5/9/2022,140,1.255874,105.090004,5.03
b8f41f17-d6c8-40cc-9a51-00e4fccc22b6.binning_data.json,15:01.7,5/2/2022,1651,1.2824587,1244.61,63.68
2ff909a7-471b-4c56-bbd9-ade6076c163b.binning_data.json,11:54.0,4/29/2022,144,1.1876162,106.189995,5.2200003
6395fe12-cafb-4f52-b3fe-69c8d92e3da4.binning_data.json,09:46.1,5/6/2022,4479,1.454091,3512.44,172.17
bb0b7d1f-33de-4c32-8af4-f0438d5ffa81.binning_data.json,03:53.9,5/6/2022,178,1.2293395,131.72,6.37
0232566b-8df9-4e3f-b0de-af68763a5c3f.binning_data.json,15:01.4,5/1/2022,87,1.229927,64.59,3.22
ada77cea-8469-49ef-b3e2-ecaa8f6b4797.binning_data.json,50:49.0,5/2/2022,1651,1.2824587,1244.61,63.68
3374dd6b-75c7-431c-a5e6-63832abc1a69.binning_data.json,15:01.1,5/12/2022,1795,1.3379441,1364.53,65.32
80f21631-cee1-45bf-8137-a337d7575bf0.binning_data.json,55:26.4,5/9/2022,140,1.255874,105.090004,5.03
66798902-ea30-493e-a6e6-88299da1f081.binning_data.json,15:01.1,5/4/2022,1095,1.4865665,864.1,40.149998
d812a8b0-12d9-41b5-828a-88a4686781e3.binning_data.json,02:08.6,5/5/2022,201,1.3406477,152.28001,7.1999993
147f64ed-f27f-48b9-a3ad-2233122a37e1.binning_data.json,21:05.3,5/10/2022,1117,1.3183162,841.45,40.78
fbbae7f7-dcd6-4034-90e8-fb06c56f266a.binning_data.json,12:07.4,5/15/2022,782,1.2642213,585.33997,28.82
056987ea-c2ae-47ca-a85d-31bb21859e49.binning_data.json,15:02.3,5/7/2022,178,1.2293395,131.72,6.37
2ffbaaf9-fe7e-4ecf-b0a9-d95cc88574c7.binning_data.json,26:07.5,5/5/2022,201,1.3406477,152.28001,7.1999993
9605a38a-ab41-4d3d-8905-dc6a585c6384.binning_data.json,00:55.2,5/12/2022,1795,1.3379441,1364.53,65.32
32456e25-6185-4477-8608-59b67685c0f7.binning_data.json,02:07.3,5/13/2022,799,1.2745974,601.13,29.16
a3dcedb6-f13d-4fd4-891a-c34e49c52e09.binning_data.json,59:39.9,5/8/2022,89,1.2469528,65.06,3.21
4fd7bf9b-54bf-469f-a34d-d5f83665fe94.binning_data.json,28:05.5,5/14/2022,782,1.2642213,585.33997,28.82
65636b29-d188-4517-b1de-49224c254e47.binning_data.json,43:28.8,5/18/2022,855,1.4154669,664.58,32.28
0b101a1b-c213-40b8-afe7-1d2ed912772c.binning_data.json,01:20.9,5/11/2022,1319,1.3366041,1030.73,51.84
31e9f5fb-b10f-4c79-91fa-6166f4806502.binning_data.json,26:32.8,5/7/2022,89,1.2469528,65.06,3.21
69224d6a-7280-48b2-814c-f00a5f0784a2.binning_data.json,18:43.8,5/16/2022,5551,1.3131608,4188.7603,209.81999
3c153c4b-7e64-434c-b97a-47289ce27adf.binning_data.json,15:01.9,5/21/2022,351,1.3249955,264.95,12.51
d039b9b4-7fd0-407b-9c09-4de2045c46fe.binning_data.json,32:42.3,5/17/2022,855,1.4154669,664.58,32.28
a16549d5-1bd4-48be-b11c-2de9fad4ac08.binning_data.json,15:03.4,5/14/2022,4313,1.3016418,3261.3699,159.89
5ddd1a92-94ee-4790-9bb5-55921cc13ca4.binning_data.json,15:00.8,5/10/2022,1117,1.3183162,841.45,40.78
43793df8-1578-4644-8e4b-930abca9703f.binning_data.json,05:27.5,5/11/2022,1319,1.3366041,1030.73,51.84
dbfeda88-d9eb-4bc3-ab3c-cc8e59df7a0a.binning_data.json,30:54.6,5/18/2022,196,1.2643543,146.86,7.15
82bcb016-d2d1-4ee2-a3fb-a9b705b3c453.binning_data.json,09:28.6,5/21/2022,351,1.3249955,264.95,12.51
56c4823c-7c58-4a3d-a77f-b28784c39dca.binning_data.json,37:35.5,5/24/2022,227,1.2163131,168.57,8.29
7a1c42ff-1d81-4344-87a9-319a63ac8bf7.binning_data.json,15:01.0,5/17/2022,2884,1.3541509,2202.28,110.82
a0ac7feb-6b2a-4bb0-ab23-eca8b4efd573.binning_data.json,20:46.8,5/24/2022,227,1.2163131,168.57,8.29
1df498e4-2f53-4bbe-a789-efe6176c2630.binning_data.json,16:53.5,5/22/2022,4056,1.2327336,3023.23,152.87
c93059b9-3d38-4dec-8d42-18f7cda887f2.binning_data.json,48:38.0,5/14/2022,4313,1.3016418,3261.3699,159.89
04cb1fd3-347f-4f50-bea9-914df9645561.binning_data.json,15:02.3,5/27/2022,978,1.3285116,744.44,35.62
7b94f7a4-750f-4fdb-b353-ee721bfc470c.binning_data.json,15:00.9,5/13/2022,799,1.2745974,601.13,29.16
e8d9cbc3-6e31-4d69-ba62-2b7d76f81f4b.binning_data.json,07:07.2,5/20/2022,5030,1.8078377,4489.38,252.14
93124de7-8939-4c94-a344-daba20a5f5d7.binning_data.json,57:30.6,5/17/2022,2884,1.3541509,2202.28,110.82
a378e48e-cd4e-4a25-ac1e-0f69dbb2e286.binning_data.json,07:27.8,5/27/2022,978,1.3285116,744.44,35.62
28fbe22a-e522-4c23-b055-f3f626e84665.binning_data.json,50:47.6,5/16/2022,5551,1.3131608,4188.7603,209.81999
58bcf08e-0313-4b69-87a2-74dca03ffa67.binning_data.json,15:01.8,5/23/2022,392,1.3351523,296.31,13.98
b5693de8-ab3e-411e-ac56-ecb42d67fdb7.binning_data.json,15:02.6,5/30/2022,547,1.2583481,409.1,20.029997
a96546a7-142d-4df8-a24f-97855658cf62.binning_data.json,58:58.0,5/25/2022,3447,1.3422064,2621.9,128.91
109da50d-3509-4ca4-b5f4-43bdcdbe421c.binning_data.json,51:04.1,5/26/2022,4908,1.292217,3689.7,182.65999
bbfac655-2a4d-4c32-9664-4481c9a505e8.binning_data.json,34:21.9,5/30/2022,547,1.2583481,409.1,20.029997
cf37f06c-bc2d-49fa-96d1-942d43ee3b0c.binning_data.json,35:00.9,5/19/2022,5030,1.8078377,4489.38,252.14
b6db400d-920b-4281-a21a-92c25005d400.binning_data.json,00:10.2,5/19/2022,196,1.2643543,146.86,7.15
934098e7-c9e9-4ef2-8c2e-0fb0cde3cbc8.binning_data.json,53:15.5,5/28/2022,476,1.2373093,354.64,17.5
21fb0220-6a01-4a7f-b53c-881f83e3e896.binning_data.json,42:05.9,5/23/2022,392,1.3351523,296.31,13.98
a4ce7847-009e-436a-91e3-353022081d6d.binning_data.json,12:18.4,6/2/2022,292,1.3244996,220.01,10.56
7c0e318b-2af5-4d1f-8686-e40619f8dfdf.binning_data.json,15:01.4,5/29/2022,423,1.242332,314.83,15.57
b83bcc35-4242-4def-955f-6f9daad03df0.binning_data.json,04:14.2,6/2/2022,292,1.3244996,220.01,10.56
9a214b8b-5f16-4559-b22d-9daec251fa71.binning_data.json,15:02.5,5/22/2022,4056,1.2327336,3023.23,152.87
50377a3e-055c-4559-8d09-93898a9cb5b3.binning_data.json,14:48.9,5/31/2022,305,1.2680712,227.23,11.11
7d27a8e7-f259-490a-b951-bd78365f7172.binning_data.json,05:01.1,5/25/2022,4908,1.292217,3689.7,182.65999
c10e1cce-2bba-4bf9-ab9f-ee3793b0ba58.binning_data.json,20:28.0,6/4/2022,7192,1.2600007,5370.93,271.99
5e44c802-38e4-4161-9b5a-dfd9f3b40fe9.binning_data.json,58:08.2,6/1/2022,1174,1.43814,923.73,44.4
79570508-c3da-4d15-859b-a3a5d310c86c.binning_data.json,47:24.0,6/5/2022,7192,1.2600007,5370.93,271.99
6a2363b7-4e85-4265-a609-5d6e186469e5.binning_data.json,41:34.3,6/2/2022,3046,1.3115605,2304.05,114.92999
c6c4deb6-7387-4062-a5a6-5882cf7e2259.binning_data.json,15:01.2,5/25/2022,3447,1.3422064,2621.9,128.91
0cfb6d61-ac2c-41a0-bbd7-626d998b0578.binning_data.json,11:44.3,5/29/2022,423,1.242332,314.83,15.57
85c84477-2bdb-4c41-9cf5-366dcadabe6d.binning_data.json,03:20.9,6/4/2022,11063,1.2303559,8194.62,429.69998
863985f0-5ffe-4cbc-89a5-699be76fe5bc.binning_data.json,28:14.4,6/6/2022,410,1.3151302,312.47,15.549999
de22fb9d-7b98-4d34-9b2d-b0fe61177786.binning_data.json,15:02.3,6/8/2022,382,1.251101,286.37,14.2
c4e41653-ebc7-41f3-9df5-c1863877ed7b.binning_data.json,50:06.3,6/8/2022,382,1.251101,286.37,14.2
d20dffd7-acbf-4a36-bea2-77fd846a45f2.binning_data.json,15:01.9,5/28/2022,476,1.2373093,354.64,17.5
64e6cc00-e29a-445a-a4ee-50caac4bf3b0.binning_data.json,15:04.1,6/7/2022,2726,1.2950106,2041.98,104.11
812a2cfc-7b9e-4ca3-a61e-853e97936ed6.binning_data.json,45:30.8,6/9/2022,1616,1.3425312,1232.19,59.51
51c30f71-53bb-4327-acc6-c3eba48d6ab6.binning_data.json,55:43.2,6/1/2022,1174,1.43814,923.73,44.4
7a16d1f0-0004-403a-bc1e-8b72edbb19a8.binning_data.json,15:02.0,6/11/2022,6957,1.2818797,5224.25,260.18
ce578003-d104-4597-ab47-027e3051d23d.binning_data.json,15:37.0,6/11/2022,6957,1.2818797,5224.25,260.18
e7158651-a7ea-4bff-97a0-966db012eef7.binning_data.json,15:02.8,6/10/2022,1536,1.3223954,1163.34,55.12
01b9ed91-2b6d-4c31-aa1f-09fd64bbc041.binning_data.json,15:00.6,5/31/2022,305,1.2680712,227.23,11.11
9270c14b-57ff-4e4b-9fec-d2889a4f771c.binning_data.json,20:01.0,6/11/2022,4710,1.2018801,3486.27,181.12999
5246059d-b278-428d-bcdc-55d81ff6474c.binning_data.json,06:23.0,6/4/2022,11063,1.2303559,8194.62,429.69998
fcba2fb8-45de-45a2-b218-735a85f16033.binning_data.json,44:01.1,6/13/2022,8404,1.2780683,6295.86,317.50998
9b2a33f5-86a5-4c1f-a338-94e57746c55b.binning_data.json,15:32.0,6/3/2022,3046,1.3115605,2304.05,114.92999
89078e7b-393d-45d5-a9f0-c052503789ba.binning_data.json,35:02.9,6/15/2022,794,1.4097868,608.8,28.189999
bf195de2-1bd9-47a5-ae70-070ae0373da2.binning_data.json,15:02.1,6/13/2022,1511,1.3019403,1142.12,55.089996
ab53ed26-124d-447a-8f08-1a6dddad3cfa.binning_data.json,20:36.4,6/17/2022,3786,1.3755283,2877.62,139.09
b60147e6-ef26-4c13-88c6-e9679d646dc3.binning_data.json,54:56.2,6/14/2022,8404,1.2780683,6295.86,317.50998
9b5eef02-3960-4c3b-9b7c-d0dc6dcadf95.binning_data.json,49:05.1,6/7/2022,2726,1.2950106,2041.98,104.11
34447a6a-5873-48f0-9cac-c799b3ad058f.binning_data.json,35:01.4,6/17/2022,11352,1.3413631,8616.22,424.03
027c8935-d862-4085-b114-d49c34064170.binning_data.json,52:27.9,6/6/2022,410,1.3151302,312.47,15.549999
e3c47927-b900-4881-b724-e46e28105298.binning_data.json,58:01.8,6/20/2022,2591,1.4441328,2006.76,92.06
d2ef6861-780e-4993-9538-7e0b13b470ca.binning_data.json,42:59.1,6/10/2022,1536,1.3223954,1163.34,55.12
029ce840-1b0d-41a3-8298-44becde2fb86.binning_data.json,15:01.4,6/17/2022,3786,1.3755283,2877.62,139.09
837a7a86-2e15-4acd-add7-5e040d3a954d.binning_data.json,44:13.7,6/16/2022,299,1.2685108,223.23001,11.049999
20456230-7c28-4995-8e17-120c1a137c53.binning_data.json,44:35.0,6/21/2022,1271,1.5252037,1024.48,51.2
5f1e1238-c5a3-4d1b-bd8f-1e7bea5eb055.binning_data.json,15:02.7,6/20/2022,2591,1.4441328,2006.76,92.06
cc45c3b0-c45d-4afd-836e-230653b57cbe.binning_data.json,45:33.7,6/23/2022,333,1.2440921,247.98,12.08
0336b98f-e610-4584-a54e-22bfa8263fe0.binning_data.json,15:02.7,6/9/2022,1616,1.3425312,1232.19,59.51
4e771478-4100-42d0-a191-3f1607d33e8a.binning_data.json,43:14.8,6/13/2022,1511,1.3019403,1142.12,55.089996
15368d17-fcce-461b-bf7a-59404a2d3f84.binning_data.json,16:49.2,6/19/2022,422,1.2050736,313.4,15.47
e4848cef-2bbd-45d8-a290-1cec29939d27.binning_data.json,18:53.9,6/26/2022,126,1.1773926,92.60999,4.6199994
9d3a8409-2cff-4b04-97f8-c04369c2b776.binning_data.json,47:46.0,6/12/2022,4710,1.2018801,3486.27,181.12999
004ee2cf-cfdc-4c1a-8c7c-df39018ca3ea.binning_data.json,49:03.7,6/24/2022,2306,1.4456545,1769.66,81.49
7094b425-95e3-4521-9747-006d174ba12e.binning_data.json,48:26.3,6/23/2022,333,1.2440921,247.98,12.08
f3931867-d08e-4731-b411-34c58b4e0271.binning_data.json,15:02.0,6/22/2022,10721,1.3251194,8070.37,415.28998
6cb2bd2e-9137-4c2d-8505-329a2699f33f.binning_data.json,37:22.8,6/16/2022,299,1.2685108,223.23001,11.049999
cf8b5cba-b557-4d55-b55e-0725f849f62c.binning_data.json,38:18.3,6/29/2022,602,1.4875824,474.87,22.07
3d19b9ea-fb1b-4438-ab73-b99f5550a2b7.binning_data.json,24:46.2,6/15/2022,794,1.4097868,608.8,28.189999
8baf4b93-1687-42bf-af03-5f13b5452819.binning_data.json,15:01.8,6/26/2022,126,1.1773926,92.60999,4.6199994
74443abd-2176-4a47-9e00-f56c7f17ff3a.binning_data.json,15:00.8,6/25/2022,8192,1.2559861,6127.67,312.90997
2e911d90-0aad-49bc-8f48-a2846e637d0b.binning_data.json,48:16.3,7/2/2022,917,1.2633321,688.59,33.78
48baf9cd-9375-45e6-baa7-59ce906bdcbc.binning_data.json,00:09.1,6/29/2022,602,1.4875824,474.87,22.07
d7a8544b-6d05-4bdb-bb53-3fe399f91fb4.binning_data.json,15:01.1,6/27/2022,3323,1.2293222,2466.95,128.43
84ce0e05-2e5e-4093-9c4e-195209083b46.binning_data.json,33:40.2,6/19/2022,422,1.2050736,313.4,15.47
5463f575-8d4b-4034-922e-8a746a4f311e.binning_data.json,20:21.7,7/4/2022,4202,1.2026039,3116.03,163.01999
31f3e348-cef1-4b69-b27d-1129415c78ba.binning_data.json,15:02.6,6/28/2022,1395,1.5390013,1110.82,53.05
4a91f4ba-5c18-414a-8830-604d6e4b10ba.binning_data.json,35:30.5,6/22/2022,10721,1.3251194,8070.37,415.28998
c3a517dc-0603-47f4-9652-2adaa22e17ed.binning_data.json,39:02.5,7/2/2022,917,1.2633321,688.59,33.78
a9733d89-a523-48be-af3d-a58a822d84c1.binning_data.json,51:34.8,6/30/2022,2314,1.4327039,1793.66,84.909996
dff85084-4fe8-4292-bed0-025d3a60977f.binning_data.json,42:26.0,6/18/2022,11352,1.3413631,8616.22,424.03
7e4fb0d8-552b-4b90-bc48-4a3e0f0b747f.binning_data.json,31:25.4,6/25/2022,8192,1.2559861,6127.67,312.90997
4bc4fe33-8d0b-4e7a-bdb6-4322bbb994a0.binning_data.json,15:03.1,7/1/2022,5051,1.2350749,3763.32,196.44
d1f85b84-3403-4801-8955-b85011f6f765.binning_data.json,14:06.6,7/6/2022,1043,1.3095006,787.7,38.05
92a9c0b5-c692-4163-9bec-480dcde4e0fb.binning_data.json,22:35.2,7/4/2022,32,1.1217512,23.490002,1.1500001
6e4f974b-94dd-4268-805d-eeac7777970a.binning_data.json,13:30.5,7/3/2022,4202,1.2026039,3116.03,163.01999
73d0b15b-c693-4bd6-9ee7-4b27909b28b3.binning_data.json,49:52.8,7/12/2022,3809,1.5111691,2983.31,135.12
5319a41c-7995-43f4-adc5-0b260e6e5303.binning_data.json,01:14.7,6/28/2022,1395,1.5390013,1110.82,53.05
cae72103-28de-467a-95d3-2c55ee6d2372.binning_data.json,15:11.9,7/7/2022,3957,1.456462,3110.86,156.18
08d04f3a-6560-4e1a-8654-052692a3655a.binning_data.json,50:20.4,6/21/2022,1271,1.5252037,1024.48,51.2
42debd90-cb08-41dd-90c4-0c1d6dd86827.binning_data.json,23:43.8,7/5/2022,1043,1.3095006,787.7,38.05
9c0e7b1b-206d-4dcb-8bea-bbc2d37bcb4e.binning_data.json,11:28.1,7/4/2022,32,1.1217512,23.490002,1.1500001
f69989a0-ce0f-462c-b8f4-298e4d9e24dd.binning_data.json,19:13.4,7/9/2022,6007,1.3509245,4558.11,217.15
b00f62c5-390a-48b6-ba4c-c0b5e166bbfd.binning_data.json,08:28.3,7/1/2022,5051,1.2350749,3763.32,196.44
a1e575bc-55d2-4e97-8073-06c047181e9c.binning_data.json,23:55.6,7/9/2022,2722,1.3298694,2067.82,99.2
9e57c308-5eca-4460-99b8-cf7399275bde.binning_data.json,42:39.5,7/9/2022,6007,1.3509245,4558.11,217.15
42dc4a12-3659-416f-9e9e-99b6f5b2466f.binning_data.json,57:01.4,7/14/2022,1639,1.524647,1280.54,57.19
c5395e12-dafd-4850-8829-4356b2ddb457.binning_data.json,15:02.6,7/11/2022,3975,1.3704169,3041.32,142.17
da319196-de6d-4020-b43a-df734c893a3a.binning_data.json,44:20.1,6/24/2022,2306,1.4456545,1769.66,81.49
15f9adbe-24ad-4cb2-bf1f-0c5b6c042557.binning_data.json,15:01.8,7/7/2022,3957,1.456462,3110.86,156.18
924f00e9-1f22-42c7-9c44-38db44dfe802.binning_data.json,31:31.8,7/13/2022,1405,1.4131066,1078.28,49.01
0d664dd4-671f-4f99-8c32-796b68ab2c24.binning_data.json,05:44.0,7/17/2022,1907,1.5143248,1497.14,65.72
179e0c7c-adf8-44aa-9889-0a9a5254500d.binning_data.json,15:02.3,7/10/2022,3809,1.5111691,2983.31,135.12
2c637b4f-3ab1-4884-97bf-7314f52f031b.binning_data.json,15:02.4,7/14/2022,1639,1.524647,1280.54,57.19
d5234d4b-53ba-4bce-8caf-9996712f5dac.binning_data.json,12:04.1,6/27/2022,3323,1.2293222,2466.95,128.43
9d17ad29-cb66-4657-b739-2400b4a36c46.binning_data.json,15:01.9,7/16/2022,1139,1.4062383,881.13,41.81
dcbb2b7b-7db2-4db6-9582-17f5e4071510.binning_data.json,58:09.6,7/15/2022,5218,1.4738314,4054.3,181.68
2b3e4d32-c910-4cb3-ae79-f97be1d7d56c.binning_data.json,05:17.2,7/5/2022,913,1.3441257,693.12,34.42
e5ad9335-122f-4f48-9445-ac5da9aa1c6e.binning_data.json,15:01.9,7/17/2022,1907,1.5143248,1497.14,65.72
00b8582b-9b57-4250-a583-8653af770a87.binning_data.json,15:02.3,6/30/2022,2314,1.4327039,1793.66,84.909996
4273437a-3589-4620-96bf-c4a3e3ecc086.binning_data.json,15:27.4,7/20/2022,7101,1.3210526,5361.14,261.88
1f1eb7a3-4ade-4cc1-a060-5f4438d6f7da.binning_data.json,14:19.6,7/18/2022,3404,1.4090267,2621.06,117.64
3ad67a42-0466-4be5-8be6-540b437c2c63.binning_data.json,10:13.8,7/19/2022,1691,1.2920218,1278.67,61.879997
0c07e503-296a-46ab-abdc-4758e7e0817d.binning_data.json,35:26.5,7/8/2022,4070,1.4457976,3143.41,156.23999
724f6967-8e30-4a82-8fda-9511322e8c7a.binning_data.json,32:19.0,7/11/2022,3975,1.3704169,3041.32,142.17
918492ec-f701-4f0e-84aa-895074c5c78d.binning_data.json,31:58.4,7/23/2022,5659,1.328621,4296.23,199.73
09046d97-cb0e-4e90-baa1-3d5d798b58ae.binning_data.json,15:02.2,7/20/2022,7101,1.3210526,5361.14,261.88
e39f5e68-d90f-4dab-8eff-1d11a1b63a81.binning_data.json,59:54.8,7/21/2022,4186,1.5275494,3332.91,158.11
48bb7f63-337e-4679-91fc-88a8d96b0a6b.binning_data.json,38:53.1,7/5/2022,913,1.3441257,693.12,34.42
6f3c2308-9778-4abc-9924-ef7f9e81ec1f.binning_data.json,06:23.4,7/13/2022,1405,1.4131066,1078.28,49.01
88e17513-4f07-4903-89ac-43dda1cdd266.binning_data.json,15:02.9,7/22/2022,5687,1.3146105,4297.95,209.06
76ba1387-8254-4320-9f46-cdcc27fab51d.binning_data.json,15:02.8,7/23/2022,5659,1.328621,4296.23,199.73
3f5ecde5-7a2f-4569-b905-8ab0a696cf83.binning_data.json,12:56.6,7/24/2022,13405,1.2666131,9993.91,512.49
b9cfd087-922e-4a28-8b48-a1c1ec1f04db.binning_data.json,18:24.8,7/16/2022,1139,1.4062383,881.13,41.81
0bda830d-bbee-4c7f-8229-a3e7966f6450.binning_data.json,00:27.0,7/7/2022,4070,1.4457976,3143.41,156.23999
4880d4b7-8be3-4832-afd1-2fcd175e7bd7.binning_data.json,34:35.2,7/19/2022,1691,1.2920218,1278.67,61.879997
1e2876ce-12e2-4150-bf2f-61784d3ccfda.binning_data.json,47:38.1,7/10/2022,2722,1.3298694,2067.82,99.2
56ef9e69-8ad6-4e69-bd83-0ba7974c2734.binning_data.json,55:10.1,7/22/2022,5687,1.3146105,4297.95,209.06
da9d3ebc-863e-4cf3-9bfc-1055cd244b6b.binning_data.json,35:33.0,7/25/2022,325,1.2193906,241.53,12.03
3fe682ab-3f8e-4b6a-8e7e-586c84c6acd2.binning_data.json,15:02.8,7/15/2022,5218,1.4738314,4054.3,181.68
0b7cbadc-33b2-450d-8424-c94f60c153e9.binning_data.json,19:00.5,7/18/2022,3404,1.4090267,2621.06,117.64
91e697e3-83c9-4cd7-bb61-fd1db0a48eea.binning_data.json,55:10.1,7/21/2022,4186,1.5275494,3332.91,158.11
bf322a70-8133-4be6-8886-b71c23db1458.binning_data.json,15:02.4,7/24/2022,13405,1.2666131,9993.91,512.49
